epoch,main_gov_jump_height,paid_rewards_gnk,base_reward_formula_gnk,formula_remainder_gnk,current_epoch_gov_remainder_event_gnk,other_same_height_gov_transfers_gnk,main_gov_jump_gnk,other_gov_changes_gnk,gov_delta_during_epoch_gnk,main_gov_jump_minus_formula_remainder_gnk,current_epoch_event_minus_formula_remainder_gnk,gov_delta_minus_formula_remainder_gnk,paid_plus_main_gov_jump_gnk,paid_plus_main_gov_jump_minus_base_formula_gnk
265,4105641,185565043.741173,284932503.735690,99367459.994517,99367459.994521,0.000000,99367459.994521,0.089865,99367460.084386,0.000004,0.000004,0.089869,284932503.735694,0.000004
266,4121032,261173638.858560,284797192.935274,23623554.076714,23623554.076719,2804142.500324,26427696.577043,-49.996400,26427646.580643,2804142.500329,0.000005,2804092.503929,287601335.435603,2804142.500329
