epoch,chain_paid_to_received_hosts_gnk,current_epoch_unpaid_pool_gnk,other_same_height_gov_transfers_gnk,proof_grade_allocated_to_zero_reward_hosts_gnk,unattributed_current_epoch_unpaid_pool_gnk
265,185565043.741173,99367459.994521,0.000000,0.000000,99367459.994521
266,261173638.858560,23623554.076719,2804142.500324,0.000000,23623554.076719
TOTAL,446738682.599733,122991014.071240,2804142.500324,0.000000,122991014.071240
